jaar,gemiddelde_prijs
2022,0.2409279755235515
2023,0.0961474002514824
2024,0.07710096979227435
2025,0.08681378800793811
